rainfall,humidity,temperature,soil_moisture,irrigation,fertilizer_a,fertilizer_b,sunlight_intensity,soil_ph,pest_index,yield
164.90142459033697,88.16600760542586,28.85235509506328,90.82407161888725,100.99033154879004,126.61760464428914,126.84344656440796,241.8707082800305,5.9299286900102475,3.8469410555469588,24.339198428236386
145.85207096486445,93.34493102473321,30.81883328094026,82.95476077404344,93.86950524369153,136.67057923217848,133.7346788379125,377.1150127812363,6.142192531713793,5.8133859162968164,26.137677895592184
169.43065614302077,95.0,24.202864852361717,93.84464269827632,80.89445554880261,80.12528714857089,79.48262502429773,323.83697267490305,5.883032031600016,2.2585891719381292,11.871272612828541
195.69089569224076,95.0,28.12593847338114,100.0,70.2959483344164,127.48113139695144,126.10032591228196,276.7746841257417,6.076815388144384,3.9854932625847344,20.551848720130536
142.97539875829992,80.29576979771991,25.698714861756347,80.40111679636813,90.47334970420386,144.55337984946584,141.9853416119427,370.44810398099924,5.442554133218486,2.497127866704257,21.220024875266894
142.9758912915246,85.47159702312612,26.02574923247061,92.18182211574724,85.90228078132624,95.8071796261759,95.11036454621255,404.9463418065183,6.285317482949176,4.436358259149961,12.217360720101752
197.37638446522175,95.0,25.81521215152226,100.0,93.42789830041599,153.45144773675406,152.17165024482978,344.5020594148923,6.20048219014489,5.06426486811676,26.614438596024335
173.02304187458725,93.36856523428227,25.272018460640368,98.437438167776,89.52757702522955,128.3803801873209,128.87197159509586,388.11498188811754,5.873164547572724,3.495085847582736,21.678584189882358
135.91576842195144,87.99382766731657,27.097043255889655,79.38999956170025,95.74329072979003,105.89976288483183,105.78158851317393,414.49113031954585,6.463698267372962,1.0,18.543506871586523
166.27680130757895,95.0,25.338099767177923,97.61165016125855,71.97147182659148,118.88461844684588,120.8954476866141,402.5965781433619,6.575028055050623,4.238737776155793,12.894414623678657
136.09746921562612,81.19458840679741,27.540913651559677,78.9509918888966,99.76091098451488,131.16653825043446,127.32483310964571,415.5985811748557,5.55697605425241,4.524086262080211,22.916846231213334
136.02810739289228,85.51080543755867,26.899523781101728,81.87943348860473,82.963994070386,121.52010782824823,120.05678351827638,379.6850996428757,5.894910088573514,4.485153705954037,18.559782617475662
157.25886814698103,75.97132374374894,26.52210390626718,95.77806562234858,111.12891308937898,130.77511984892737,127.8027192152754,353.01734555606373,5.892343060085081,5.482938630186585,20.962528970868
92.60159266026606,67.65853959140837,25.184872675916804,60.28416528321415,69.66218272865649,101.58652813841267,97.77412849734591,285.9213675241133,5.824038759556454,2.7147355844211414,10.48558194923681
98.25246502460902,73.21289875041691,25.846457338863335,67.39138573878402,106.03945704747875,123.38721648072156,122.05249428500008,340.1575004748021,6.531789936772699,4.816259326540539,14.08604989331392
133.1313741227708,78.70049632700699,28.51078245165151,76.88311963913205,82.96866175193972,91.7257100619004,91.8959295420388,316.2701361873523,6.122469544490879,5.43100901497357,14.70350681531552
119.61506638996728,89.04657643664837,28.001834375248762,75.5503763718257,70.22872994578327,117.775478773026,119.91360432085895,436.8377086999126,6.094194063475756,1.8656948991921798,20.54867086420824
159.42741997785822,85.6775191035543,25.044889510402896,96.21887371876069,72.74171248918518,101.92184717070421,103.08737818127855,342.96456750270653,5.398455054237298,4.383582191102772,10.375965845178364
122.75927773436368,79.62756088682418,27.19866461085845,73.14832209774701,75.1947903770852,105.28940114820466,102.97655744213601,354.92819227137943,6.454167212083691,3.3949842027907944,14.552354723245848
107.63088895994125,77.94296957441283,28.502774246743577,74.07829517284985,86.36248919602875,144.72186350420876,146.1939554616667,372.0594150416187,5.704296642058611,3.9021727922780247,21.5074279814286
193.96946306764661,95.0,23.66118943775726,100.0,87.8425323205325,141.8262024118854,142.17695968234182,351.74409785489814,6.2239730521065315,4.417211780246004,18.012277594444498
143.22671098540394,80.78870253972399,28.08672038475987,81.76102457442357,71.39449994092132,132.18276241814354,131.73781970417357,417.8020416172301,6.310950775183277,3.415325723063737,25.54433965684926
152.02584614063773,95.0,25.674752482108307,91.70756167342165,79.63468111608526,98.15374470654842,97.79308927352133,325.09402553062193,6.7442634383354605,3.189150305006066,13.493115938060413
107.2575544135963,77.22843162917681,28.14119733718632,71.26637144015407,112.13405537917795,113.67183100610396,111.06936098235178,357.7842982094897,5.676471840352355,4.04098290098563,19.835258711428793
133.6685182642445,80.1930122240336,25.473481686914965,81.3714396371561,105.91314755151066,144.26195399958368,141.3044427474624,320.3011765720781,4.99219513767167,2.6953048733646368,24.788908165915274
153.32767769129597,93.30882067870513,23.39023579867096,85.28216105258805,86.54485504511048,122.83433827279809,123.87011859856655,297.1990995511718,6.2735398179014785,2.6970098453377775,15.071793497987052
115.47019267733091,80.63635628106663,23.744915124233675,70.13393679967109,80.570052172523,166.3865907996339,166.8364338715214,325.5292363637886,6.9202044726043415,4.815247939547804,14.813420559578525
161.27094055037017,90.38019777931709,27.096169893322763,91.84185986935697,81.80046990077392,127.86635678788744,129.55952600503744,348.5185281180635,6.6955785411757756,2.621447157809613,21.198185316346056
131.98083930243584,84.94326221568085,27.519445003442964,79.55768787681038,89.20276959095625,123.84098232980062,121.67123436973803,332.8279110193096,6.28386376610985,4.799575001091054,20.705041384001206
141.2491875062017,85.4481882675517,25.191366749791182,85.45132894864305,64.65811152202392,113.81767071594997,110.88755231357445,322.30316080504576,6.003345525747181,4.555109551424741,10.477970892484251
131.94880163311808,85.15222721619166,28.27718491755475,80.34306909928533,76.13935193864982,122.67081809564564,121.81904968468575,293.7473014531266,6.5228490386549245,1.9290319254512842,20.856064069408504
205.56834553526812,95.0,23.67695987546208,100.0,54.97123889183616,116.95060327238912,112.56619437764395,346.6757770948522,5.8105815201182125,3.1869224171972137,13.601160272047203
149.59508325786197,95.0,26.867840402705365,89.97862685616268,85.98834683907918,134.1621735337718,133.10040028545276,289.8111850387599,6.390543107742488,5.432931283656847,17.934635945111815
118.26867213132299,74.29152414526266,24.577967600475088,73.9975309174332,89.70793909554112,139.1340463358917,136.88213884649974,380.4022385475841,6.402188063666651,2.822601362632382,15.631416093937574
174.67634736309566,95.0,25.69632778439568,100.0,72.75220306550939,104.28021078984101,103.13412724661247,353.29759011738014,6.624083962999552,3.442714885228735,13.883426020216518
113.37469050086933,69.25196815264829,27.094797342632827,72.44261200754126,103.6098014493505,93.37534092884444,90.51716774786863,291.69794002140276,7.303864015564431,4.554473071902276,10.949819920801609
156.26590785014267,91.12084687986487,25.279173269432096,93.23229897967676,61.61351505496488,83.27589253793407,85.1392981241768,337.6316369180055,6.356966386871507,4.9400686111391146,9.596085489645695
91.20989628360672,75.3045549175049,26.23088891154035,62.922409734628985,58.0343767968527,130.15982653825088,127.58643353201451,319.9137437763767,5.9964145497170005,3.6981533367466053,15.058779052930603
110.15441853304708,79.45128489858928,29.01258561842888,69.74152725856075,83.36677727839958,97.93266787652253,95.69620081127582,362.76698041676724,6.189770275123203,3.28298776637003,15.631645094311942
155.9058370760737,88.65825352371914,25.846216260953703,85.11110273462535,95.70647453918232,76.94218814095035,72.35055430733952,403.6180178409258,5.4923696380443525,5.706843834038209,12.483641796211302
172.1539973998623,95.0,28.671384224130282,99.15045361734269,105.25891537186803,127.77157209061929,126.32796367598705,274.9931012141702,5.922114747564377,6.086679596557095,20.64920984878691
155.1410484356991,89.07730985741557,24.740586290684764,90.49494440725209,73.1167360569659,169.8599903486558,169.9114940245625,354.60104316589667,6.036287024754759,5.174629660938154,17.220408550172692
146.5305515283528,86.01234167378479,28.059608355830566,86.62942545768419,96.18021250146944,119.87858176920213,122.20717110983776,343.5946881773344,5.990364640826163,4.102381771078029,20.446436364730076
140.96688913232134,91.53807722480153,29.8831372413158,80.86412537042791,79.42237295748939,136.76981548903285,134.01713220140866,376.8536030580186,6.260941948813489,3.0300811340308886,24.53086414625922
105.64434028897718,78.47837951651839,22.05671099974542,64.71024239766976,77.41059050088771,121.6365871709513,119.35033369168018,358.5278651295076,5.87103202704712,3.0034667121321217,13.779466029766688
128.40467374815873,80.05685414814434,25.406209489059048,80.53269888889108,93.25489906230008,118.02220693617714,118.05864510151832,319.92122673044724,6.648412266929789,4.627016926318909,13.895827381178968
136.18083687120637,90.35225043852816,28.15414425436108,82.42411937461823,89.78484317620129,138.38152965975536,134.465682298391,337.2378425733353,6.200082825967279,4.50207786506642,19.075937865910383
181.71366678656747,95.0,26.593909227914015,100.0,56.35411764523626,114.19450911622697,114.08836746005454,318.15896572786045,6.196279871544554,5.681918311535715,13.055600163809721
160.30854868705384,95.0,27.742291746742616,93.20837460321293,102.14810524588844,125.34784628143805,125.61261452413552,393.0402855439439,6.068842113394833,4.780540111043367,23.174416009406038
97.10879533911799,77.28078281135345,25.792029626568358,64.38894311640513,100.70137031221176,126.43395612392027,127.56612476549287,350.8524659468777,6.262076273543592,2.1963036378882186,20.996956015830378
159.72251908184384,88.77178066994279,27.1731795749458,94.4582151846541,70.61655947735706,106.63819092713902,106.10597322782216,426.0476274301203,6.530039305867054,5.262337141267502,12.442236653599252
138.4475315875105,83.7333542752683,26.68864552921584,80.57754930540574,85.93705300156114,139.84084699073045,137.44145714084001,347.57356744741514,5.85314791371564,2.8023272472227045,18.941786867832853
129.69233999082124,87.64417002286268,29.335564123319614,79.69413233172399,87.41045279424108,116.50080486609183,113.91979944927411,321.6637293235815,5.936753404369897,3.539234473657178,24.107208414109827
168.35028866522603,95.0,27.508841686602427,94.95328959997528,83.9101064873586,104.88509681014311,102.98708126155624,289.4514242954869,6.078509588489334,4.300240247502034,17.885240677354886
180.92998567487854,95.0,27.675205324150404,100.0,71.7454226923187,130.73019687140808,128.7407292440346,277.8744129497622,5.661651630610714,6.394800987740757,17.209620838050704
177.93840357348597,95.0,26.176246067755066,99.24784505898847,69.92564948092922,102.03064036417925,102.66383935960263,286.6345622797804,5.872296856111401,7.731902267206433,11.388246444547633
124.82347430332084,88.83536676993837,26.024787551855013,78.36286439021715,79.61668893512832,120.56362314738257,121.36261124247994,360.68506604045933,6.009511650582136,4.728067670963419,10.819665023957583
140.72362872446357,84.25923167315992,26.134883624360757,81.70505195942698,97.59093528889048,119.81762006711593,117.22038116239943,370.34900092919736,6.549755672285091,3.7801640575355346,17.240556702458306
159.93790294210692,95.0,27.788904284756594,96.74242955356333,88.15400231891648,141.71791131663156,142.61739288871902,286.7523719187147,6.30502453160077,4.64140677817666,21.662054942141545
179.26635381367078,95.0,26.158031038359475,98.0227196188098,74.44078501870841,129.49396465759907,127.47701922263397,385.8015325630446,6.277435964547018,5.065186511048603,19.050043144170097
135.6247728646413,84.59902584325629,27.579549713792826,80.60909938202371,91.57548065972517,119.49946082509712,118.48175319514539,330.6775579326624,6.540359184867189,3.61519884933137,16.927327170620714
144.43023070008547,93.82295346996159,31.15080159729088,85.21748979920399,37.27186069054887,136.35532598400573,133.0431363265098,355.871720479422,6.145051284640242,6.1542536270947865,20.047958472324176
116.80995077981916,84.1700669788859,28.742249406863383,77.89892736076605,97.23148550558156,147.80415098034626,140.56546291078305,414.488825130217,6.356185939971556,4.276084911029683,22.125781689362142
114.11380127757988,83.30168856327715,26.347952935664317,72.89552255322211,53.904293318328506,131.15620612703725,131.3664866134075,385.87357263462127,6.158711298827002,4.597291706909673,14.430161924952259
174.37577467182595,95.0,29.40242784432789,100.0,74.56338587895301,120.20705239686761,120.67038757120909,339.2587740837667,6.306144939759852,4.799109102465353,19.63451065579244
190.68720085712468,95.0,26.183849253956897,100.0,63.20495158060784,93.7632753529968,93.51245647111054,314.3523109833885,5.9668965369553675,4.505903932737347,13.052432693451777
147.83969635258998,92.76167376225182,22.923750929644292,88.48936409109413,60.57977786418641,98.69772673849255,98.89682183601766,263.92738394682783,5.224473136689428,5.006728600563535,5.90006634603175
180.10598693676073,95.0,24.98382737816519,100.0,97.41240181067779,113.89550591290664,114.2326090526695,321.2338672303032,6.146288335125479,3.259296176143692,18.670619764857925
160.84908075142903,94.87555598787091,23.25841615794829,93.56159546597206,72.98448198032163,107.80975595681434,104.29417644520053,341.55479044689224,6.769099254439976,3.3300378952647636,11.618803686947537
130.6464073618463,83.54320693671546,26.296973031917382,82.16364545727765,85.19755822596073,116.26057394029108,114.38943988858394,310.51281891395263,6.570486160896637,2.679814920433966,15.885116097723497
160.8418681652524,93.7375402745393,27.036836758379103,91.53238997070773,79.29619131681224,121.13299849794214,121.66487793228868,344.7497213163078,6.586158993836468,4.527401476744272,17.12047365972031
196.1410969939791,95.0,30.352874624550566,100.0,87.15561240834683,130.5938550871346,126.55558348643939,353.0740753183507,6.694452288722488,4.934723804214537,22.771174421333434
148.92521882670147,85.58646223184307,27.653854747528325,93.58407434790695,81.15232836590383,118.59002443881818,118.24763908121052,341.00576072767683,6.2354630363845756,4.549327439382263,17.42427144275073
196.9393096744202,95.0,26.56179894238227,100.0,60.755116637171454,129.73003287652404,125.53036762345103,323.9998967670616,6.278926282962239,6.009390920017045,16.257063088568053
71.40764687730767,61.3922071556938,28.658811162366977,49.504992617859514,94.94400229170711,121.2894882962024,121.15787384625933,356.7461868786691,5.95293924182626,3.9932847774051443,22.253504698043628
174.6570751312567,91.32617947543835,22.57772938198423,100.0,72.59365125258032,80.49066867292257,81.39485227468147,367.67762598277636,6.07357085758918,4.802489986711015,4.908331735385211
152.61141204714514,95.0,27.47122911621713,94.78328125605019,56.651271520103734,101.21329212362491,97.92236388563265,306.38403690228614,6.446308459908456,2.689958948632823,17.398465165055406
141.02977948602398,91.26724731562187,28.541730387773935,83.09678117607417,73.57827258551131,117.1182488855677,118.59181515020364,406.43729518985083,6.681553774867527,3.535480357030719,20.502328905950385
152.75282329606506,93.94644607408028,24.04282750844032,88.62985808195451,102.51139685951466,95.80610514317785,94.54661673242285,346.05647470862954,6.144221489727601,4.834645309078933,11.934844339831777
90.37293256197322,75.25360731491337,29.287508086413858,60.354540661190434,92.7533261317024,131.9985745999241,128.77814099589912,350.7539849177939,6.019924294059436,5.018922532891773,22.536734291082126
143.40984336487463,87.96171914522782,27.67699281498883,80.9229296418926,74.7702179838821,150.61501664687395,148.48540420899215,378.3285769302623,6.200211183542639,3.6472396628029813,23.049550385780428
160.71337714535238,88.72774128617655,26.169424172198397,89.27494327592368,74.76113443522357,144.37523703394635,144.45374988110643,359.3286452505401,6.440482699571646,3.9140808977703196,19.938702626950246
194.33682134224549,95.0,28.26556373221257,100.0,75.17547423173926,115.73114258139584,112.91294181436926,388.1254653565298,5.622458073546584,2.1785515039830288,24.703172978857914
134.45189345179057,81.94975947797661,31.54138571560879,77.86731658099917,111.15121975341262,149.81452273699904,147.44715629984503,361.48496660807297,5.281527618745105,3.571564959032069,34.249598899049545
125.74519191320437,87.59915624105005,27.36373251011699,77.71385335133141,85.7290317834733,122.97334914404223,122.68231468750125,325.5025050143825,5.979785260203367,5.068459796223744,18.549804968737504
134.9472886924639,84.74889970022848,27.496441172600672,81.63133961464082,86.45062470786604,113.25828057763921,113.98157776328352,364.4601410082441,5.711715029634337,4.69024601932788,16.897245578800145
177.46206353106223,94.11113307535611,26.081278200919513,100.0,95.45425181047763,107.7319467291812,107.69823250327659,304.2509517071735,5.996743920941076,4.600798865657452,14.852202017728786
159.86253328979052,91.3518307786722,25.300311261070416,89.22031734943428,83.5818373853977,113.95060627023743,112.51902027855891,354.3423882310609,6.140887872473011,4.059728424617152,15.133531914039928
134.10719388698882,87.29681543747478,28.66067163308849,84.05520783772025,76.11436781268945,112.23646362917543,109.96946000641921,348.6708003742216,6.018700636390795,4.0084757903538115,17.43678568339191
165.39802299340067,91.80078413400034,25.287832348182267,93.8773994914838,77.05475226372532,123.40832444750976,122.41019599122701,341.6753257090984,6.780987013788298,3.2076146326318637,15.829199138129702
152.9123264804412,86.76259596630021,27.143132474438787,88.36905865647923,78.92598110878905,123.2114796209973,119.90662761597622,344.85849954244276,6.330697905840928,4.838594104243041,19.040620082534133
179.05934971598668,95.0,26.044685106469768,100.0,79.44166645235238,120.0609204030683,113.21517341592566,274.7260381800944,6.320189743844331,4.505167533267268,15.541181824575695
128.93840718367943,84.90635501064745,27.957959651492782,75.18846781091437,90.9144431545547,128.738763394927,128.17494483349597,328.05100369036154,6.448882857617361,4.590422617591359,18.659484547724617
140.17013560206695,84.51632480376443,27.667324210573895,84.11854844013183,80.77918828710949,143.81292549572683,143.43014890311287,353.7137960456446,5.744466752887693,3.3687581887989033,23.06592349170908
138.2367554060353,84.11583509371897,29.0750798885158,82.61722580579708,90.98960115823368,138.99108270882647,132.31566370230146,356.394255679896,6.6156447149681075,1.4159884961545068,27.132484418532556
106.09455155603644,77.98861515359911,25.979967202290506,69.51289744515884,78.78925129837127,90.30204063100193,88.76747719003195,308.89299436296164,6.169694285385816,5.316583254104435,5.157186370737222
158.88360831193728,85.42466078609456,26.460250129413257,91.50588141371729,81.17952785474137,68.9215773019609,71.71380695887325,400.62831363458804,6.468192246896486,3.425395052789915,11.192696794342396
157.83165816539668,85.31217857773623,25.042472568435386,97.56099940143861,50.026989732018386,138.68639822478548,140.8670692529696,315.35300607141994,5.771257106783938,2.964669083148255,17.213972755200217
150.15340369927384,86.45380000351997,26.111413479847776,85.43890152765958,93.74491512053723,92.66242603169158,93.07089214545782,388.77828802106944,5.578496493593574,4.832174694296793,16.769988975642946
142.9623859987456,86.82148004106443,27.754600986089706,82.95625954270568,85.19732713846989,115.50469196214632,113.27345148158074,367.0877744748674,6.5271558632100115,3.5295848320970444,17.84339607711383
107.53887773848757,78.8162011495363,28.513977233290703,66.909369746028,94.97015164789478,96.59773947881281,96.40205962266249,324.15090760624787,6.350563810439007,5.271923660855946,11.480310152198037
137.38064031703922,93.59097317985953,25.15566935164475,82.00401940530683,36.55616932709466,83.9603912483996,87.51212452427599,421.0124357043805,5.839179378256996,4.740407139492037,8.118936284337138
139.7185645041969,91.20386746726916,28.739211840211322,82.21603791321306,111.32562057171091,130.82925456409575,127.99586347764189,302.2545267297408,5.8521347674901225,4.820283187840573,22.02501404557917
125.93168192335143,81.9798119271883,29.7112757176099,80.33568474810089,77.9061555776724,135.18310320605295,131.8255640324498,386.7661669444001,6.650173913765908,2.360853146559359,22.01156812388193
145.16142865001973,88.45334755549247,27.8268698064474,90.01675371507595,96.62274225106275,108.4697919854656,107.08081534182826,390.02329272171914,5.724235242853069,5.4543327824636805,17.45843112145174
162.12152570443615,88.6238108881418,30.753591625116133,90.86113357815441,64.40141109311703,68.1791541571018,67.86353923272928,323.1751916369342,6.857069181302386,4.313500637480627,14.378515404455591
206.5855770363159,95.0,25.452421601792853,100.0,89.19160857593855,109.07511103495034,108.86669611519241,405.69861200257316,5.839751706140853,3.556867432904556,18.678193599179394
155.23733438495518,90.12790712088585,24.510690593377166,91.53476184731846,64.19876655239516,127.83608010805094,129.6936330195875,339.9981394160419,6.455356770243354,4.172066160810702,9.922388464477457
157.72651172168293,93.93154631819533,23.442559502191443,90.22024481946931,70.64346558956292,90.42176862451743,91.54683873952361,361.54774517119426,6.068552609700406,1.868517720522016,12.877820127447805
147.766622527015,85.19383204034288,29.992088622978365,88.04421087214111,108.71047030800179,123.66719839558311,121.97913147155137,360.4128735508488,6.441274972432938,4.490383373776805,25.90261233991089
92.43686354102876,75.3277916335145,28.308731312708115,62.6490728056683,77.1397639885498,119.69380301654009,118.12549032788199,344.6276503411781,5.982354399154323,2.764754190181514,19.504338834030932
149.2045837365235,95.0,26.88883065817909,84.13460114961771,83.26149309769585,131.58582999202176,126.88015687502734,382.4323309263913,6.134882837571083,2.376795656987759,19.98438410400626
151.80690629823079,89.99827114718494,27.559937252639642,93.36493235271949,93.05101596033131,122.39160736828306,123.03824655416322,381.7395488220885,6.216367670158289,2.1731689765385305,22.279760972982224
223.89726337455858,95.0,24.749021905403247,100.0,87.43522831958907,100.53862118236889,100.35601572922482,280.05872107047276,5.799125017687411,5.33522604998791,14.911948319738372
144.22917105656632,91.71947127552545,31.891503959233653,84.19719660627845,82.25628357715365,143.93143003328981,141.37389870444406,402.1736097151261,6.4963297381680505,3.2448839275686536,29.67821181687546
159.04642027000838,90.70782372157333,27.258442363950454,90.59702817251006,85.47441503699338,116.8294085394606,122.3741532481773,283.50032047857303,5.9947145734113665,5.840473251899799,17.28079921883517
148.9586469088427,90.80805648170488,27.218789589209784,88.60266623205277,116.05123377857413,119.45390920980137,119.07871956604266,391.3018481736663,6.108560033863993,3.3570382443372426,21.204691902309087
114.93965887141404,79.54485966533318,28.451533247797386,72.88820585159334,79.13571804449622,101.33464081853609,99.76432667741891,395.0682054731033,5.802260250156595,1.9511704508884642,19.78686304797678
184.28468443545063,95.0,27.962018463473427,100.0,83.01648570072452,111.13435497616979,109.72492203495021,306.3613427913921,5.175066536481876,2.660170672061609,24.08571506853407
172.55799098060322,92.90234837490362,27.447768048558263,100.0,95.75981594011418,102.30394571946198,104.48563985188238,333.5674284818166,6.123588894959933,5.482973944008326,19.173287171674552
173.7309584112914,95.0,25.419051089109377,97.96154168203441,96.58288899436975,116.54107880153154,115.94056568253049,305.77181326056257,7.1650461686451665,3.812922186475999,16.479379654197146
122.71837635615783,84.30550436307459,27.94293671427199,73.55355968146269,97.8054545834057,154.23416960284686,148.64590516606975,341.4031587884506,6.513841715159209,3.342055244211279,24.686143046759753
192.08382932808297,95.0,30.764048992950066,100.0,89.58095333043777,92.56197714137286,94.77233615345462,337.67862863257034,6.192295848106243,4.1920218710233454,22.85550230896223
107.94446811623158,82.1796945652955,29.690840092309955,67.42093603972597,62.854926309042746,87.72877204246518,87.00604526926394,381.1864212907736,6.0948436683166936,4.602139283401054,16.448444291048048
167.60571281400811,95.0,30.186373253278795,95.94290420698185,104.50147298451644,149.42340654987217,150.69883177481364,402.41234984478433,6.208986357124819,5.340878579082953,28.50632837155642
215.71366877429935,95.0,25.97756864713763,100.0,62.804819104719684,115.81352645696268,117.18294626554383,405.82735243159823,6.418847646070084,5.738199075871512,14.46096813145811
120.28391024607936,85.44677625742719,25.020790359482838,73.65008545280867,84.5395319785855,106.61854522680167,105.39297417414407,327.5132789368679,5.727674873876462,3.568277625053097,15.48948942672505
133.01106811191684,85.82003046226681,26.748426159800704,81.03979719213679,68.68586224970963,140.79809374792154,141.3202217839957,341.6311250502189,6.645728677867549,2.408742776701554,20.18886588951198
152.98954095262923,95.0,27.111449824577388,90.14654769283342,79.0379248011051,107.88768920526272,107.62901576605438,282.662472311162,6.486152526176498,3.5038418066520687,15.315167487254861
134.89573037651402,81.42722768617844,29.188383036941897,83.80891750818556,84.9314361545522,156.52019427093873,155.39973190763624,317.76519734015244,6.487274290283174,4.312336607899463,23.157174834326277
103.48009706801602,71.84541990950092,23.61507074057036,73.34192008672747,84.8203582317541,133.5585174267854,132.85005719003507,388.5940653238983,6.375390295523891,2.843489288547267,14.320913490610494
152.0568892441808,87.62010354603413,30.059100638921226,86.7541700881182,86.32881131352927,110.24177183708595,108.0369699352499,414.62331294192927,6.207846663077596,2.851418902125949,24.574242802691828
118.13088858821686,69.81978795491602,26.683984202842023,69.74799469871529,104.20566903587971,163.14616426531006,158.70175638740963,300.6260451248031,6.469144494386728,4.412545457859863,21.659184822824955
164.20777291905546,91.63355676731283,26.14623786010516,97.14230315229197,86.8030145227097,107.88570153993324,109.5513380980989,326.30142963388425,6.436725653496551,3.9416171781154588,16.190671711444743
122.4172729729859,77.92951858412727,24.975791249479666,76.59848737489874,76.33765047064027,134.84190744018613,132.43026140396373,348.9437697216429,6.058383715623591,4.039356394493904,17.691785650737437
196.49803215052617,95.0,23.690286656268462,100.0,94.46130752432536,125.98585160812983,123.87926210123933,361.20644635278427,5.97055929084124,3.0898055983599164,20.349847821970364
126.50240122991289,84.65950024785967,28.64634116792383,79.28464509751498,97.8420573338696,146.03482578797596,141.82283933987847,317.61585920313416,6.240742518104795,3.723519142953079,23.902395008777624
140.33815451382972,95.0,27.146635934376807,84.0573855331707,61.58588277294511,151.23022393453707,149.51591086899714,366.9624417785636,6.819608060598075,2.890920226878035,21.528444559677773
174.40551652109008,95.0,24.420078200517892,100.0,88.96100104774787,120.64008298131533,123.73312867073585,331.0464261171634,5.70435716973844,5.068238093349744,13.958977065746716
113.07407050698134,76.0377028737824,24.409842455872766,73.76327951929774,90.51759113466348,104.93164259307633,102.54999463491397,349.42190916486885,5.612989893699024,5.242299201668503,11.419857991223061
156.82379803812387,87.55506605469537,26.328430601419743,92.70197896978071,75.53654744960012,129.19944285878233,127.78790962918873,371.851369920148,6.265904336494607,1.7845745653142875,23.383683358446447
189.21428262847286,95.0,30.338043050578786,100.0,100.6356021996743,106.44569260495788,108.94784908554085,350.2568907924375,6.220355080742407,2.884586967769108,25.80921108084273
101.77550296316318,68.93148485384575,26.48081729727279,67.6965222248019,77.7491661945121,160.26774495053246,157.0950749205144,332.54456437893725,6.269336665748163,2.204164893891905,19.87620287334029
155.53901575596913,95.0,23.99371409376379,94.72349307372467,81.88364680207313,122.73070662165475,122.49891488307148,345.61560784296677,6.2975812791634,3.2199712787117223,13.808608662921728
157.7964838274527,95.0,26.50851387182811,96.26507050409367,77.40392263574195,112.69356897375782,109.93410346877617,346.4654816317866,6.110719098146078,3.899874436251567,15.040870370289277
173.4546861533193,94.69052758547227,26.45455286050466,100.0,80.23368571372201,123.69360611729817,123.36554000584856,335.1995588047149,6.795945375440833,2.260425736361764,18.230757823890265
112.89147867365755,70.30177095664288,21.606226714116858,68.71559141984103,63.55587369657197,93.05747420940607,93.03031196892667,339.6481574933159,5.559638408609394,2.8937682242496243,5.298017089396389
110.38630160747171,84.88525235306858,26.891410266964375,71.57171217290238,58.39923676108559,100.56771922978697,102.51079325965735,413.94588682018866,5.868601190087902,2.7952511535022015,12.279915847290873
165.65824696850694,94.124774864289,26.538130939582643,98.70778065978564,103.91757594837458,144.00827815888852,144.1826363540736,372.4367779176496,6.158698095940381,4.248720795278733,22.760257889575513
158.90954019699558,95.0,28.392412729626837,90.11300906583652,67.29557977522508,106.86211442057208,111.6981359835807,338.1807872788336,5.542724475538333,4.0832132044435,20.234930596790093
157.5147855103763,84.28229735914104,30.69791218989069,90.96839360259743,65.1291147581554,99.0617803463612,100.26795767547029,377.8781761804294,6.129658238227171,3.1339149359952962,20.16129901745981
160.39344628490926,90.12115877070391,29.253130059095515,91.0015938311224,47.699148295944276,130.73305505054572,129.84799493118277,336.6472204097596,6.8645880662912075,4.212185046567278,21.008681316680807
129.59925835264528,83.90599600438449,26.46222261889034,78.70713701073946,70.41557378465747,143.71408309325994,141.9171475417516,396.9249855034657,6.208354595318385,3.3439838984952814,20.10199638188047
156.96761091483012,92.32518624327275,24.78694818251666,95.0874372024085,60.153653098887524,134.37906621330134,131.9537803170149,364.78568768792377,6.292280362287474,3.674013867608736,16.9107489455875
158.79217419896042,90.38732490229191,32.14671960649972,92.16763186410228,104.63022740204553,139.92095371611632,138.60187371723387,345.70791423983087,5.695934093930968,6.008142508358244,27.933124414477447
128.56945745920896,86.68508689950019,27.118436868028976,78.90411000805206,95.1472563401395,104.86409822861079,104.03009049690219,367.9086770324111,5.953455436784209,5.608553262148417,16.369115835379823
205.9732353343427,95.0,27.027858583825893,100.0,69.67774482233415,91.56378666516312,92.32251928444418,287.16495391726005,6.0499214478704255,2.440502515686883,16.351441945030757
164.21498762735362,93.55259886309962,26.951749825779995,96.63527552164304,113.78653708016463,150.02667303910974,150.16053445837017,304.92930124360777,6.072913961297506,4.995678901455009,24.73233505344779
114.26089508392054,79.87974668373565,27.39616952153571,73.61675991373858,94.72648230487391,113.54640322315728,110.85599793144014,302.2429997440378,6.712657518001508,4.973675865389911,14.641264483282107
169.69660825901488,95.0,26.711279176152114,100.0,75.12752924737066,114.98333967089906,116.5139298096122,355.7177237905483,6.42307642429005,2.622084053496858,19.498168175536726
120.75954989318035,84.78593935839855,25.85267598623953,74.33767312409285,42.508914276896405,146.56388283698115,146.86991882981184,419.30059997940367,5.755416817225187,4.982533172505833,13.488926749461093
173.61253811227357,91.46055097449272,25.906282117519215,98.39457642279979,114.36413858886112,131.1246001880132,129.3322331246304,439.2520058477053,6.298601911372802,5.845518302095064,18.606038244319393
184.75786737022213,92.75678935738853,26.934493459568003,100.0,59.15641299854606,129.11775544163214,123.41815787153334,375.5220440576303,6.399288699398714,2.6529462325067037,21.27904268384753
125.37953044944868,89.00224324432716,25.91315045773247,82.68462066793533,55.31901879564663,163.30004689802166,158.9194005789317,370.03377899777826,6.656059615408507,2.8989966147828836,17.390945498524424
178.90128387732966,95.0,25.574308434645673,100.0,95.3385564801446,107.12963539239715,109.3671427158995,277.9576906338904,6.832216274627349,5.221193760212203,14.07750443726642
162.38342780809495,89.97259565964572,27.212860455383794,93.78495483247815,116.59628609508908,138.55680256162475,136.58322630894574,328.29304801063915,5.793962323268853,4.325794372990778,22.09014268772588
174.6618047998347,95.0,26.49004556515829,100.0,100.76409227765777,121.14026249794169,118.08464490845478,318.48864992367044,5.875656995515865,4.661771530287428,20.921641003508824
206.9037894796184,95.0,30.007985977165376,100.0,88.4586368007854,125.37184557726513,123.09370345594543,325.16609606995536,5.696968856434154,4.408707059680596,24.94078620007935
142.63835651991388,93.6879928762933,21.698060383213978,84.45364033957263,88.92131512497929,150.56936852825064,149.7221401548472,343.2742472566084,6.106392056357207,4.468835105113773,14.290659517393458
127.38791506927531,83.55396692783313,29.183013703844924,78.24822939197168,92.80123338170462,130.1567151257925,129.7423465059056,331.1163768921149,6.386543349778534,2.4082334460267005,24.517279672417608
123.3145671112343,92.29810975778022,29.49217038499526,81.00634404562908,91.38392884680148,130.76592158099265,128.74976130360363,270.8280075849685,6.594933806635641,5.256781247945738,18.315541610870945
125.52569145103685,91.43441164752707,22.8532195351837,75.41761301168698,84.21787135954064,141.45014674619605,138.64399058525686,379.91641024470135,6.169619590542991,5.403507990913328,12.860131919480246
147.68694871757688,88.0612638728777,26.314624811839302,87.08594128404692,81.56301655927814,112.70094540914229,111.28238184059752,307.0902789704077,6.072060990698063,3.724731107118367,16.497021845197317
160.2345592444993,95.0,26.257118268008416,90.9934612529822,79.06110308150717,103.21580665321987,101.21019595156187,359.56987456444597,6.260703196899496,3.947827660223365,14.38064232738683
158.30072397990057,95.0,24.18497661056436,95.90542947873476,68.69053116699986,99.10381611957934,102.37937669253924,432.9633067899989,5.865942839347991,2.1626709969331337,12.813727252274958
174.8154974710807,95.0,25.44436662481825,94.35663827408096,75.78987384699839,80.67286821247995,80.99458386343328,313.2246163365431,7.03581548867791,4.617105707221402,5.97122424682788
150.3900567563372,85.29239972400063,24.778848309068344,85.53773710552025,54.605647787069216,161.12414259880643,160.50225251051708,248.78849909014681,5.5569355891527765,4.686468930056973,17.40966594667273
193.6060223147195,95.0,30.504540886847245,100.0,78.52490559807875,97.93583268556634,101.08167315513293,338.55983112479555,6.27389623155829,3.9253707796008266,19.99537711464236
142.06029500286132,92.91021093510633,28.87135678629492,90.10273227586882,65.17113339273624,115.57492752828456,116.79280294816625,394.03838539994285,7.009442487691856,5.349224031844603,15.88199378691661
231.60507499768858,95.0,29.54311018998832,100.0,63.44616024176344,114.46373400222159,112.87730667667441,428.33389816882374,6.202719937823999,3.5991073228240715,24.613873471956502
168.7700204329502,89.71471356655618,28.44334412808647,93.78535230641171,82.69841226730217,126.14813395618202,125.64818743904614,300.81801622190335,6.123984385999402,4.677527111072321,21.76687483294792
124.28527330751152,72.08942110345295,24.74189645756554,79.77546475201697,100.880034295169,136.31474425078594,134.4506158254648,369.86796892946086,6.057021830875829,2.7764027935694613,18.29898037441047
117.87322505816664,79.0149333452272,25.950959467440452,68.60823499106337,93.7747490900347,137.20946976719492,133.5415925573749,331.38758172879784,6.127843327295037,3.971737418950914,17.328964876725294
164.47417245729557,95.0,27.978749122455834,88.19325111305798,56.442490945652345,108.33845122862124,108.57024723063338,345.7620658278346,6.749139389870612,3.790774890516597,16.95987933893887
143.29611644022447,95.0,24.55574438221611,87.63848992624979,65.15557795144494,116.65756572427178,113.46660785573857,455.7737338806814,5.3152552354681974,4.27036950644913,15.258962565075194
171.42001482276277,95.0,28.425996860344775,96.06184325604728,94.11156781982324,125.65159900976599,126.74437783620081,289.88118686419386,6.81337348051853,3.55656768539997,22.039346502266106
164.19712873720636,95.0,26.51934920368373,91.61515304349041,65.26268909692536,115.02617747632905,113.3456340079158,360.14958645978294,5.630417139019942,3.8422328851939986,18.190735719291318
147.8151326202938,82.44403249501369,26.250358384900807,87.73992888901832,76.63050275004463,152.14691152039984,149.94188525612552,368.7077268706173,6.093339068306234,4.991256605729808,17.10571237417868
124.59618845794785,73.86194434060857,28.421919936406983,75.34226639261445,88.25078148536828,129.81949903276504,128.89509982421905,393.4314529975739,6.028302231880535,3.475882915314139,23.086740861041264
104.55458325942406,76.08863648334412,27.88852662297208,65.34732470822827,65.47483317704547,134.69755572099635,132.44486798753837,353.9193261388358,6.435421307908288,2.072107479113585,20.30655284272236
136.60455143798936,87.90169267609335,26.27806766836184,78.38124591440173,81.5806325921894,133.25762537334825,132.76813170763137,362.3220215801641,5.560750259246501,6.099500685046505,15.165804451961208
175.69196382970418,95.0,29.318659606728495,100.0,59.989617576226934,143.4694771497065,140.3461959789761,334.33405730312836,6.384869066432778,5.657744894428584,20.940097664934967
156.42281232390613,81.58963319697246,24.837873344800204,90.83765510283293,70.9794853407318,123.62043117407414,124.18200421028492,360.7650776498043,7.009723849314741,2.4492847658732577,14.924677171876219
112.62783663864036,78.34275079402816,28.231871213888528,70.42215722292363,84.79672901213806,94.06336104088307,91.6682336283454,336.27230898010356,5.654730398162876,4.827649366294233,14.852693718915376
155.19542777553545,85.03628083013636,28.186202515936767,94.62533826438445,56.105093997024966,127.99375903505283,126.846830242393,374.86287559424204,6.275882467044158,3.396430275338388,20.252486750905042
161.5595213918651,95.0,26.38090712137202,90.41355425776759,86.60712106940599,106.97286212416341,110.50207701607181,335.21558655825464,5.935207128881356,4.316184658397272,18.607835625547203
123.48427691396601,83.87827430467405,27.652266044484236,71.592790113747,79.70543301609978,109.42766636500487,106.95562039754347,365.08401575608747,6.370354882477215,4.353068954816193,17.21328079880344
154.61175317836583,86.68412702187297,24.497772847229395,87.1058024660772,88.28734931625722,131.72728037510186,128.78542641529705,348.82948745260086,6.207659110966301,3.7187106396204137,14.733519157930942
151.74626155338,87.95454387933054,28.848054038413803,88.15265534815163,83.35871201096992,144.76566142867273,143.55519405655693,395.04201003088673,5.943405236382277,3.0594812012963244,26.969123182009767
115.71089106508131,74.41719971007964,26.63019572711402,71.89781471601653,100.46210644960766,120.42543153472123,119.76332352186435,347.94425105646053,6.39514891394843,3.1713507372204885,19.839597764320494
160.73362081044849,92.90669075676868,25.95455395896192,92.15107830196413,81.87836753971861,126.17666025197927,125.56908743792742,279.07870127172475,6.921739243914697,2.9005697014225094,17.450633819548905
166.82353579104702,95.0,29.098018451673777,96.7855805059617,73.5589168831212,154.04429889270477,152.32045820836487,400.47686002855966,6.1236384833090804,3.0018133501234665,28.89383547908946
182.4915372952583,94.81883095689977,25.591312618914483,98.20576283691194,81.83446254548426,124.81506358977137,124.84375334740633,313.77070796549526,6.487903176859273,3.9193860519407737,20.256969102658537
181.6140615610471,95.0,24.18307740727288,100.0,88.14947043554582,172.0336622836079,170.65137885333996,323.84934645404724,5.682690816851535,3.141088013067098,25.434502375109595
108.66991896128727,74.94968759652397,23.886741652952193,68.21145156864199,80.73290105488556,131.3101929126309,130.56432058085636,326.1735482382603,5.817425449272797,4.818462478855144,12.441971707026575
121.86524880254632,77.59521047945216,28.212019902691278,77.61702911167335,80.60887536805824,84.78474481688365,85.06299226680237,404.9775237268327,6.388962511152151,5.784695386403113,13.675835706996303
165.4510580162598,94.10016560510515,24.439141295007435,96.02863236665806,69.47012468289867,135.06683242209064,134.65863820339158,264.57303144085216,6.793646411414386,3.3039361103559486,14.75175616035881
165.41357852736627,89.44786194611301,30.509588363968728,95.42526345763046,70.05648623673578,127.62316769765556,130.04177318256322,475.5099413463997,6.342245339514264,4.287285400642452,24.65989685652484
165.45143058918143,91.86718265001852,22.836141184232556,96.26331060637288,58.96092092300459,145.7950550816549,143.24003483480703,392.2422723626421,6.074776787790738,4.59962213236352,13.209080368038933
265.5819447196416,95.0,30.392912736580076,100.0,106.24365114780409,133.46362702539918,129.84138706478794,358.92955656516637,6.199716562169342,4.56640272510313,34.18270842811576
167.126715320795,95.0,27.422034934405236,97.77885440792063,61.34205146913072,117.23088032032453,118.58349764288225,347.80423997534854,5.699836906412113,4.091146321499305,17.14962346878805
184.06696920541796,95.0,26.806573776259214,100.0,69.60642203306139,95.51403527421269,95.49757118259485,361.4221629943063,6.441806130542147,4.8912189020316665,16.346920936602046
178.62005290479607,95.0,25.9101618263821,100.0,69.22389101646203,115.8195348542795,110.68321901953745,370.84489713517354,6.5529332249293635,4.578698743216789,15.834256606840825
169.54173753917394,95.0,27.798272228704143,98.94370628843512,93.42386565416662,102.989590915814,104.53495472432414,375.80862343800226,6.019163866866768,2.5148050932072428,19.35400405179474
140.54192266078962,86.60093654978274,26.924730595150304,83.26774929141072,75.57575482561958,108.38953100390555,106.89939808180242,372.22417864013795,6.0119831408961995,5.042987277267128,15.408976386612672
172.76907661479802,95.0,29.206603764033044,100.0,98.716131090106,131.77156808841218,130.00192311938324,353.58322725021,6.306351291860819,5.06474900472009,20.597444799200275
126.81524356387285,86.11540656937899,27.22845529732408,75.92000183324713,69.89764063634198,153.39809008702812,151.39214624381472,342.10646318770694,6.025312105583762,3.0840566749857024,22.534677164457705
142.89544179779972,91.65617108957645,27.300603522923755,90.89223223576764,84.18491243335703,127.89343059645962,126.87975842619477,343.9490686538595,6.173546954149671,4.045525402537122,20.487111103151484
135.43909356512688,82.97922233148543,26.27277557557229,80.65100804041482,67.46979420110364,96.0823387592963,97.69712545560957,342.2036687858928,7.039888715666606,4.819994791373283,8.522129345172274
152.45622418158968,87.8577760512535,26.886108752557867,84.26171957653243,112.17723691660083,128.8920533644028,126.57647795504299,395.3508038746826,6.101189719701601,3.748823416504766,22.57487728139794
219.43975700020525,95.0,27.615603537784118,100.0,62.18602371455731,143.93262973291303,142.76220984261954,373.74226889123446,6.056663939191512,5.287573657319214,25.59624873712624
93.98204422224757,61.68500744299635,23.57966321468675,57.88666420507365,84.64731065340541,107.80434191361236,106.8950314627639,232.38445461342877,5.940983277745937,6.8366469935432335,4.0
170.5878057112354,88.60038640237786,24.303629155788574,98.47713021193591,89.50665321398148,117.31965666654165,117.93129479498957,376.23603106119043,6.497676788599975,3.0568167608380215,14.478005859123535
101.61852386431045,82.31992849651576,28.48652818804543,65.15352330712015,86.20698646177247,120.29376389458395,120.50981066788086,357.789447788751,6.127510330712759,2.34274647621547,22.620417751226825
135.84204402631698,93.9774517754015,27.341730876255884,81.79375766596276,77.22068511683437,104.30203373835519,102.21605464734824,349.2516497421641,5.94025078467143,4.364582314725851,18.560809852806955
182.66851790902098,95.0,26.632033327294643,96.3987849707718,78.05268950399861,132.9656086768772,133.4892924753834,334.45926187644454,6.728521612909205,4.865875006151372,18.079422524228285
151.9284005728639,93.46130498713799,27.036867866130788,88.10670226882593,80.65717207968665,117.58103702784437,115.63005828622406,394.9645087994405,6.767841201805455,3.722960351386277,18.921440396342085
117.66765666212082,81.85654777135392,27.695163410723342,66.16673423923224,77.79496997557267,128.39064887814055,128.5872320307958,387.9010584849143,5.959830573704518,5.743912795985241,18.87928691112181
128.54088872220095,95.0,25.920480639381278,75.66464701842321,94.45818675192365,102.25015644395799,102.87222324856278,319.08489328705565,5.453384019455754,2.393673040332102,16.176201548317707
170.38793246804028,95.0,25.443390549195374,99.43641695564901,113.15784502387027,111.25083399353178,114.36465964744542,366.2820914849814,6.603005475934769,4.831502347637933,15.762074064045436
128.0890010484859,82.78711235714194,27.391690510195364,80.15042336677526,71.6376232248825,134.44762715655543,132.27831383398396,311.1337306183486,5.926148069695999,3.272967015089328,21.278318995864957
156.49375768745924,87.17042510323564,25.043254444769936,91.30796078098572,59.45295530631383,112.54333695816466,111.21753651802003,294.81527340844275,6.516250239665108,6.0632534874487565,11.562091441845155
151.3671551971144,82.37791495784646,27.816505511428943,84.12151664102743,78.67576927473118,154.5392770246681,151.77347396165922,324.9313110164014,5.411958472915266,6.391018423801742,22.476201700924683
130.4519895718255,85.15291505088376,23.59483279152432,79.06824477048102,118.69564006481477,112.00727628770795,110.800552907654,384.49573889531035,6.557038935319724,3.0800120946599825,13.31033204301044
214.31832267975977,95.0,29.058311274651288,100.0,67.94488148045404,124.49369451503772,124.86889359316993,388.12500181504345,5.715531228287688,3.340531436909704,28.84417395399231
169.01757066954033,88.59400265287373,27.945194964826086,91.85073473081326,104.58675208166102,138.6518166374618,133.48660458871552,370.52341680389173,6.49230564762661,5.031505464375762,22.00400465551523
89.24572240027179,68.5408522988689,27.51205946862775,63.916654325183956,105.1655122111466,91.63268534133937,89.94368623597968,379.0038314739199,6.205709227134574,3.5354432202525823,14.516735408171392
155.59362944308282,86.27034881485287,28.965381967891027,92.12360841193072,71.69617637438009,84.78382376038448,83.40902672920686,370.64713148459833,5.818424232241342,3.945506538481314,17.729844684061334
130.14640605694836,92.47962999244733,30.330948888925153,79.89159589977982,88.53474618777913,89.4868737085981,91.91314520711533,324.34073619108193,6.037185474829288,4.030466104650892,21.232481436986554
175.5730000438867,95.0,29.02874013003626,99.30985753453828,104.42594934692806,145.25168206854363,146.4103247102803,367.27690178695764,6.47452738278268,1.6963922125628126,30.81886109823934
126.22437784701899,82.82745014752261,23.31825153733671,77.68038959215478,74.3130838851877,108.96283708215107,108.30579679096857,382.0163810091073,6.242357781246094,3.983394704686915,10.230671754500563
146.55790675599303,95.0,24.440846066528596,81.49795809712435,76.94629459846458,171.16398571336504,167.26814298131677,380.171653192543,6.433765192188994,3.1723266711229914,21.25068877140449
165.1496183694137,94.9317270490622,25.75036284460864,94.30466061001613,71.27478629077035,108.71504802685223,108.41939995173598,397.55653485898574,6.990576233806195,3.4082526131202737,14.344411143019833
175.97265582510363,93.48537574088976,27.052182100421668,97.04018473422602,64.77864903960699,123.69102606394074,124.83023136596009,378.33215388804257,5.57430335531558,5.732358404162577,18.739030550715015
113.99110778832672,86.81295272284629,28.035318040938247,69.9541736302152,70.26083682400989,150.8421990513575,146.4453828304085,364.0579283016633,6.846885029987449,2.4921917268648928,17.380117860123775
139.96496292477156,89.68403909585476,25.548512373693068,83.07949211042171,61.64089599856615,160.12185776318245,157.5925028404929,392.8060095326571,6.241742375009285,4.975846224097573,17.239375548985535
135.75164066517132,80.53926142791912,27.373533528954155,85.80156813220091,80.51125202388839,161.23007153272795,160.1189632156564,348.9391496300376,5.8404863806707485,3.6652444836018296,24.15231487249404
130.40012302278865,83.16834351641856,25.489234135293355,80.7162464962002,68.45040153412037,144.16732461186285,142.9611467211494,314.7250139508913,5.667874549704404,3.664287797804999,15.961618530491442
202.9636272084329,95.0,25.776964394016105,100.0,83.50678867686122,140.48125051622924,138.83635122361525,343.47732144224943,6.124351843689187,4.948446275262054,20.92315562394316
162.14945132882866,86.73083674382691,24.186677806303557,93.92369622436533,56.66156530694559,131.85053898402367,132.26010421995676,320.20389420774205,6.568660044769784,4.408061553482669,11.954632878368685
